{
    "avg_prec": {
        "train": 0.9687488536345268,
        "test": 0.9127407235896601
    },
    "roc_auc": {
        "train": 0.9835185409633939,
        "test": 0.9378584975215272
    }
}
